品項,價格,商家
【SONY 索尼】PlayStation 4 (PS4) 500G 遊戲主機 CUH-2017AB,8460,無
【SONY 索尼】PlayStation 4 (PS4) 1TB 遊戲主機 CUH-2017BB,9980,無
【SONY 索尼】PlayStation 4 Pro (PS4 Pro) 1TB 遊戲主機 CUH-7017BB01,11680,無
【SONY 索尼】PlayStation 4 (PS4) 500G 遊戲主機 加 小藍-英雄版 同捆組 CUH-2017AB01,9980,無
【SONY 索尼】PlayStation 4 (PS4) 500G 遊戲主機 加 四海兄弟 3 Mafia III 同捆組 PLAS-07082TA,11680,無
【SONY 索尼】PlayStation 4 (PS4) 500G 遊戲主機 加 小藍-生存者版 同捆組 CUH-2017AB01,9980,無
SONY PS4 主機防塵組,199,friDay購物
[ZIYA] PS4 Pro 遊戲主機防塵孔塞與防塵網,480,friDay購物
PS4主機 CUH-2017 Slim專用直立架 (PS4-SLIM-01),290,friDay購物
Sony PS4 Pro 1TB主機(黑)+魔物獵人遊戲片,14740,friDay購物
PS4 原廠 主機直立架-幻影透視(CUH-ZST2J),780,friDay購物
Sony PS4 Pro 1TB主機(黑)+手把黑+戰神遊戲片,16450,friDay購物
[ZIYA] PS4 Slim/Pro 遊戲主機支架 飛碟款,420,friDay購物
PS4 Slim主機500GB Days of Play Limited Edition限量款,9980,friDay購物
PS4通用 多功能主機直立式碟片收納散熱底座組,999,friDay購物
[ZIYA] PS4 Pro 遊戲主機 USB HUB 集線器5孔專業款,650,friDay購物
PS4 雙手把slim / pro主機雙用直立架-極致黑 (KJH-ps4slim-pro),500,friDay購物
SONY PS4 Days of Play 特仕主機,9980,神腦
[ZIYA] SONY PS4 Pro / PS4 Slim VR眼鏡遊戲主機支架 臨場逼真款,780,friDay購物
PS4 Slim主機500GB Days of Play Limited Edition(限量款),9980,myfone購物
PS4 Days of Play Limited Edition 500G主機,9980,Yahoo奇摩購物中心
[ZIYA] PS4 / PS4 Slim / PS4 Pro / XBOX 遊戲主機專用HDMI輸出線 1轉3,380,博客來
PS4 Slim主機500GB Days of Play Limited Edition限量款,9980,東森購物
